user_id,step,visit_frequency,duration,spending,engagement,loyalty_label
u00000,0,0.6564627598621724,0.4654555294411339,0.24771908806995946,0.5009546689241486,0
u00000,1,0.6463632944429619,0.5387342381114865,0.38464503052906107,0.4311905625641649,0
u00000,2,0.3401455658229385,0.5892009953862277,0.5235499026860805,0.426766259253022,0
u00000,3,0.6805482202085854,0.6702364164839685,0.37129375700889883,0.5769959599575826,1
u00000,4,0.7069126876448032,0.26613456816236153,0.5852447048822391,0.539714384748704,0
u00000,5,0.6411301267231427,0.6694053792921036,0.4615771298884626,0.6548749485657489,1
u00000,6,0.7402716196545721,0.533573733195974,0.38858532900212606,0.5908644871829583,1
u00000,7,0.8553212054083229,0.6153371942578858,0.2430489809559426,0.5608999602512826,1
u00000,8,0.7339756383308124,0.47880028825188065,0.5716800003348711,0.6292058903410139,1
u00000,9,0.7775195364768619,0.8597021734160696,0.3011470783507762,0.587206870917476,1
u00001,0,0.579166364408713,0.17662512836656663,0.10370684117367183,0.29544369182576985,0
u00001,1,0.10703918523782804,0.21830683939499737,0.36996689735036004,0.20188216547931587,0
u00001,2,0.2496097454702414,0.5699778916681384,0.0,0.30598827063562833,0
u00001,3,0.567180715811054,0.08261303502772091,0.5910786868177611,0.37713225362706454,0
u00001,4,0.3609687519911252,0.05654157152722891,0.15331165268490027,0.10837770260829185,0
u00001,5,0.37621286964739065,0.12191752783261242,0.37253377596492226,0.31406955935921266,0
u00001,6,0.2152032782592445,0.6071526361050632,0.6533333716909309,0.432993806602699,0
u00001,7,0.09903014914830058,0.0,0.6359282141538092,0.26459105706187186,0
u00001,8,0.21490580774318274,0.23186147885067449,0.0,0.10244222886649851,0
u00001,9,0.31361221382502696,0.345379678114502,0.11398669254771165,0.23472037859592276,0
u00002,0,0.6322405657697984,0.38853146971757246,0.3206283996654131,0.3818496747930874,0
u00002,1,0.8110278205784124,0.3711018339424567,0.8398512347256814,0.6448679293598587,1
u00002,2,0.887348417890238,0.6304872790798075,0.3817179569472925,0.6153200324769283,1
u00002,3,0.5511865714286052,0.5273484541531958,0.703288585194743,0.6291246768267458,1
u00002,4,0.5863657397335367,0.989092760873824,0.4898143148364712,0.6764419205116995,1
u00002,5,0.4974479009823779,0.3812467446840907,0.4238464885834018,0.48173098658108915,0
u00002,6,1.0,0.2927939663921023,0.1867767621942551,0.5047862789700399,0
u00002,7,0.6954079693928936,0.76882720401528,0.3894298812573511,0.6495251117649082,1
u00002,8,0.46386634112060254,0.7596883894625978,0.7031506073277574,0.5449938385880552,1
u00002,9,0.8214248635428043,0.4801807091831938,0.7980236231705957,0.6788300900689651,1
u00003,0,0.23864357518398305,0.5323605621245069,0.0,0.35681488200529743,0
u00003,1,0.3825732849521262,0.16544009100181756,0.26415961669891297,0.18181201054524754,0
u00003,2,0.3952384406501514,0.3153226553102042,0.11727494787969217,0.2687400864994487,0
u00003,3,0.03443851534806175,0.2838694462746365,0.004364127002798535,0.03318634250087811,0
u00003,4,0.5416247142550915,0.29473205377023937,0.26704081377340133,0.4591040576069765,0
u00003,5,0.32392677875547027,0.21669311917743822,0.354812148417644,0.28360146793366076,0
u00003,6,0.5426648947174936,0.603019604032665,0.41917786120661493,0.54637315962193,0
u00003,7,0.41536870845697355,0.01829302524377313,0.19002640213167038,0.2197497041403077,0
u00003,8,0.3253909878580108,0.5407269366340406,0.5134091580570015,0.46837765279244403,0
u00003,9,0.5644998062792335,0.3548726887475183,0.0,0.28931079331986514,0
u00004,0,0.6549884071997508,0.5161800446392012,0.5366662152678873,0.47837417600824,0
u00004,1,0.6696053487193577,0.5738978587672091,0.40474379706672126,0.5799196984694608,0
u00004,2,0.6126996532517598,0.4446063111190558,0.6010036115571676,0.5619325668986154,0
u00004,3,0.7184933344372613,0.3517342363093561,1.0,0.7861368848134589,1
u00004,4,0.7787843094767202,0.7488874679932478,0.19195983985754067,0.6042739814612349,1
u00004,5,0.5372491135731143,0.48273465132485033,0.32492107556007,0.3575561852880688,0
u00004,6,0.4896351222340044,0.5005308951320122,0.44631992081996597,0.47174158740618444,0
u00004,7,0.5468014276225943,0.5159548472818131,0.29370864993865337,0.48041905465971063,0
u00004,8,0.6239471656272133,1.0,0.2640587321721245,0.5942064219834808,1
u00004,9,0.6444831989168109,0.2898943685987877,0.6967406579626689,0.5197993264832789,0
u00005,0,0.5902592754872527,0.35975397873626047,0.0,0.3502729366771719,0
u00005,1,0.5878508247990496,0.18108659117057863,0.2329019021164838,0.3472540770489902,0
u00005,2,0.48993215646061883,0.254691830452986,0.8311355881286195,0.5685225510705701,0
u00005,3,0.7441214101085735,0.6056053563135744,0.7555562076567797,0.7349101896042488,1
u00005,4,0.7535399398005257,0.30864688443696636,0.7968192762263437,0.6502086499577441,1
u00005,5,0.6267435548689995,0.34359118110413867,0.3907180094016341,0.47115923519999947,0
u00005,6,0.5204186668070016,0.48086151032008134,0.11532650672218814,0.3529129036726964,0
u00005,7,0.48148033521168754,0.6232456948105544,0.514724484248682,0.5543321417710322,0
u00005,8,0.7243780378650067,0.5789947229402661,0.0,0.5167852519418124,0
u00005,9,0.4263947022874701,0.6437299820044291,0.003649490588178983,0.39838423684650887,0
u00006,0,0.4612043879550501,0.35949242677572724,0.47030240634621184,0.38669804951612774,0
u00006,1,0.7852186946308894,0.7139613559694882,0.14428753009185483,0.516609092414277,1
u00006,2,0.6767534991565852,0.4207751042953918,0.6614727518642047,0.5469696675522692,1
u00006,3,0.3479016062070629,0.45378877876682555,0.34468528862248393,0.4516525768235334,0
u00006,4,0.3182086384041072,0.16218861141376723,0.30963173461889476,0.3038849881870424,0
u00006,5,0.5162028688370781,0.44009365891710733,0.5207893147367277,0.46320009867227036,0
u00006,6,0.455454194091625,0.5888405519020373,0.304467236328952,0.45527105985163346,0
u00006,7,0.5502329082562125,0.7493548007635599,0.3076328561435832,0.5656557362829696,0
u00006,8,0.4928797368522842,0.26715966390886464,0.7111162388014862,0.5045101259092826,0
u00006,9,0.4609647282935679,0.7358036431429439,0.7419749776786082,0.6695929705574568,1
u00007,0,0.9185648570444844,0.8095985523253735,0.507481094188485,0.694727432119048,1
u00007,1,0.9149878736681426,0.7495585640664428,0.4414099276301708,0.67583244957823,1
u00007,2,0.6578558227291691,0.8160752566029598,0.7684115992449145,0.8303875159525542,1
u00007,3,0.8947490055848513,0.46724905973026704,0.5262030028558188,0.5593694999748486,1
u00007,4,0.8964253073089339,0.7877941092543563,0.1646463553102474,0.704484118025582,1
u00007,5,0.7897084195373809,0.4867116508728251,0.6549216688412132,0.6408161329702768,1
u00007,6,1.0,0.6309133359246395,0.1694509687995236,0.5200525500085378,1
u00007,7,0.6675854937139816,0.7151215287985623,0.6289074680177982,0.7520688345298279,1
u00007,8,0.7265069027332541,0.4863883228113872,0.7402507193863405,0.6704159251045533,1
u00007,9,0.6804223304257554,0.5191429063139805,0.3830497560805815,0.5436069804987598,0
u00008,0,0.9999519815399684,0.6680721256547778,0.5131712631300879,0.71738267874422,1
u00008,1,0.993781670437417,1.0,0.4290472450509709,0.8311390654778267,1
u00008,2,1.0,0.6543013575965521,0.4170598611335717,0.6501035720820323,1
u00008,3,0.7396285404335905,0.8403890544720012,0.8756609125218744,0.8685821476246041,1
u00008,4,1.0,0.5754334564762762,0.5925049497641454,0.6783706664213596,1
u00008,5,0.5452489479469651,0.9808153954121694,0.6331233257321245,0.6727194998496332,1
u00008,6,0.8271446076408973,0.6352306750216502,0.6065950421365774,0.7560106614927599,1
u00008,7,0.8903386547137916,0.7327375903052544,0.906571168872953,0.8421076603016199,1
u00008,8,0.8403172654906756,0.8311285136546251,0.21265190659853828,0.5547943430323211,1
u00008,9,0.9388298712702046,0.588357366425186,0.6329934417049033,0.7721141377671115,1
u00009,0,0.8601929808316632,0.5840410391132529,0.43596177620158816,0.5951929105660988,1
u00009,1,0.8759844521297643,0.4906978730504332,0.33824605483889103,0.58059232076657,1
u00009,2,1.0,0.4918182613354942,0.6938200252537767,0.7388589592926068,1
u00009,3,0.8603845678846007,0.7053483452784962,0.9613644778104156,0.880737274284042,1
u00009,4,0.900451700477812,0.6665759698162764,0.550718229288508,0.7663405826896825,1
u00009,5,0.6380893983823174,0.8151649883692977,0.652380825072398,0.646031596208855,1
u00009,6,0.783352345493568,0.6416480964612793,0.7699483177442494,0.6874238156418165,1
u00009,7,0.8693744639351572,0.399190347121391,0.12390249793465552,0.5340639485349893,0
u00009,8,0.8112761680579336,0.9897782702815772,0.23081540884899643,0.7121133374534098,1
u00009,9,0.7246901496447898,0.6757135888057739,0.8573486665622865,0.7597344085106279,1
u00010,0,0.5087659137236876,0.6056459415419166,0.5160289227948295,0.5335450709752003,0
u00010,1,0.6813645710416215,0.34696036782752726,0.6152429366503018,0.6077538091410423,0
u00010,2,0.45012722838373836,0.5516712265858661,0.3325855190650127,0.4760816422279365,0
u00010,3,0.6332935106751741,0.5132099324267347,0.47960483349208133,0.5241655754634909,0
u00010,4,0.5834746249840594,0.39609422924340354,1.0,0.541386032866262,1
u00010,5,0.6041299800803135,0.4844750620189051,0.11365596857427712,0.3732774880085038,0
u00010,6,0.7090610143467225,0.43137302308491765,0.5456008626556869,0.6554711056441742,1
u00010,7,0.7738153839981138,0.3139006098657591,0.6531218659696211,0.5585976447989726,1
u00010,8,0.3985350425536007,0.5347990349071267,0.4937571938036203,0.48418192459746123,0
u00010,9,0.5482689179034477,0.5440213336086535,0.6061974920470018,0.5895635493042329,0
u00011,0,0.49522522505502575,0.6016132538230328,0.46902309946534915,0.6004925653178641,0
u00011,1,0.40815879585871856,0.2939171584023367,0.2756127157232527,0.28794984595428863,0
u00011,2,0.6183278875832626,0.8736207023076236,0.011210953041885852,0.4950677971819581,0
u00011,3,0.6640355241978801,0.5408614096544442,0.3749973848675303,0.5040857961615557,0
u00011,4,0.6136981899194783,0.2961443383507868,0.5840783878038768,0.44454804405612464,0
u00011,5,0.5428744369910777,0.5845307559423862,0.15315571568889197,0.40761627784713794,0
u00011,6,0.5305714559684204,0.6701435426597819,0.15438368102413494,0.4886913018975029,0
u00011,7,0.5402473820140862,0.38253525801491217,0.2096246157705146,0.406818580846815,0
u00011,8,0.47426674527493357,0.20752582979118658,0.721303419852561,0.5025595653051188,0
u00011,9,0.35909587393448233,0.34825376821916243,0.3778369324208547,0.28141492645368443,0
u00012,0,0.48865978587468406,0.26510828519812357,0.29959327757077847,0.37753103989083964,0
u00012,1,0.5804383044142244,0.26799884667996166,0.5621532313807501,0.4174694755258058,0
u00012,2,0.5654733255039527,0.3864445141014443,0.2720400256725517,0.4266172858452662,0
u00012,3,0.5024946963978278,0.5475364511604032,0.5478416243873915,0.5183518459006805,0
u00012,4,0.7466974611638841,0.29302779398769346,0.3944996345011298,0.4024684720062123,0
u00012,5,0.7122985271225529,0.5412731632282823,0.6995700063003045,0.6242214154189246,1
u00012,6,0.7477089255685279,0.3743704847904734,0.3465218416285522,0.5226113536649502,0
u00012,7,0.6374939228563071,0.4526010099600463,0.4545553496325835,0.6166910394139705,0
u00012,8,0.7712064206547243,0.8637774528497887,0.5130554388857382,0.7606384674937099,1
u00012,9,0.6008011273508834,0.2507099131209184,0.471790715221093,0.45112321713450787,0
u00013,0,0.5087634367236629,0.419777343521125,0.2960636350406017,0.43063396907711854,0
u00013,1,0.44122678298481577,0.05757106708002774,0.5242336907587976,0.4514387125313223,0
u00013,2,0.4514653656499365,0.5084005729444532,0.14468108296534946,0.36296252227145637,0
u00013,3,0.7958784193440136,0.5751984244085331,0.5417331543490885,0.6810196791487013,1
u00013,4,0.7885064042984995,0.44575843659024084,0.5848069982520261,0.640421601590132,1
u00013,5,0.4244317469493355,0.7840182447560666,0.5238879810176931,0.5174917479091168,0
u00013,6,0.5354375352385888,0.7964955510211846,0.5622528348751679,0.6944465406234726,1
u00013,7,0.5693048182691525,0.5399858837125835,0.34799927589780466,0.4808539076100981,0
u00013,8,0.6115570537224515,0.7030566333995304,0.5687467490267534,0.6619098694134976,1
u00013,9,0.6720454438299502,0.45547547601936045,0.23714460294696327,0.3613258231728713,0
u00014,0,0.7002194504240112,0.5793227416455441,0.44099338686312195,0.5817412582581684,1
u00014,1,0.6421062484221287,0.6971582671628618,0.621054993247468,0.6653463556000843,1
u00014,2,0.6292439236572458,0.4210384204084612,0.4254366327205889,0.48792038250729824,0
u00014,3,1.0,0.47069305434368824,0.05045065096974444,0.5842767425369557,1
u00014,4,0.5824638097869245,0.5515996610594085,0.5419285495621547,0.5753794088016059,0
u00014,5,0.7235685987157863,0.7530941919364661,0.3885469466459682,0.6387883546121609,1
u00014,6,0.5085634125071645,0.5261521791911209,0.44714323414826784,0.46798690574444507,0
u00014,7,0.4130862038800025,0.5902864755824044,0.14217488290995456,0.39618690063452705,0
u00014,8,0.7462806782094056,1.0,0.4307926127695233,0.6482995027859649,1
u00014,9,0.5229963797034314,0.49520738818081644,0.4580976817440926,0.4817788762804442,0
u00015,0,0.7946435343881217,0.40064447516183405,0.498258970869693,0.5335576142743244,1
u00015,1,0.5618985325826285,0.6969723266290505,0.2256440870961915,0.4503654517023261,0
u00015,2,0.7745463971963091,0.7265188824019638,0.43665427378918215,0.6907129289005198,1
u00015,3,0.5943553880868055,0.4890616071887638,0.6476893949582401,0.5891190298360373,0
u00015,4,0.8360728173259016,0.5858583081637528,0.4870825116893965,0.6288217730054999,1
u00015,5,0.6247971661738201,0.69216654298272,0.43355201152369494,0.5791295100278894,1
u00015,6,0.8778454905011537,0.8032321106699463,0.45965826075228094,0.623285526082283,1
u00015,7,0.9751410676393992,0.6219466514544536,0.8557690575921403,0.8674838003866236,1
u00015,8,1.0,1.0,0.5031306186329078,0.8967085468564133,1
u00015,9,0.65377621068086,0.5396750077710816,0.5163520658893274,0.5992907537553211,1
u00016,0,0.8847021337584751,0.5472688998714623,0.7147019447380996,0.749717794188175,1
u00016,1,0.5128572085954077,0.22196991678892314,0.21466961247013552,0.3314123712214513,0
u00016,2,0.5990709421558789,0.23991279733648266,0.2905849028583095,0.3406500776354359,0
u00016,3,0.9240894626751248,0.2256811820870334,0.720874009146367,0.6034111542588421,1
u00016,4,0.5865360535165869,0.2901519473396952,0.06246835532315337,0.2912130188136067,0
u00016,5,0.5668756257092888,0.634657361915005,0.5380941827787911,0.5501022798007102,0
u00016,6,0.7719134145534828,0.7242249528700355,0.32533876676526663,0.5853944598483322,1
u00016,7,0.7627781115007739,0.7106545809916283,0.16578099468250085,0.577769640054873,1
u00016,8,0.7518608100137422,0.6379193827164334,0.5477023090642696,0.6337265915225316,1
u00016,9,0.6376027830646027,0.23777523494245548,0.4000379523700898,0.5098717954484127,0
u00017,0,0.2668832077397433,0.37605835060504106,0.560703261989923,0.4249058065186838,0
u00017,1,0.6434754477956923,0.2807176686822279,0.38656271374517287,0.46228753653038324,0
u00017,2,0.2511564918202792,0.4850016671795387,0.0,0.30500383668563674,0
u00017,3,0.5400399394075261,0.22866770639183234,0.29357040295144354,0.34107238260732,0
u00017,4,0.45104031914189113,0.8047599131140138,0.3684641434314151,0.49950907163600716,0
u00017,5,0.6395226324114449,0.6731348488983926,0.0,0.42741250257847285,0
u00017,6,0.5014835260346667,0.5399102324110683,0.24558670394346788,0.47020064342226114,0
u00017,7,0.7521389314599058,0.8626039772917704,0.6344439350575831,0.7150545447787251,1
u00017,8,0.24669055532939643,0.2723248301694322,0.3821070231736813,0.31512381465416434,0
u00017,9,0.6051828931971713,0.029013823981950237,0.28907004580089424,0.33375336374314163,0
u00018,0,0.6425307177259002,0.3384390449280574,0.5161575560646596,0.499381415080759,0
u00018,1,0.6768608388807303,0.42716465407226145,0.31950390907605464,0.44127923476867953,0
u00018,2,0.6272081545158823,0.7173230426875146,0.27092637663569863,0.5751858935879494,0
u00018,3,0.5161922795961794,0.4897329002604775,0.10095526038920177,0.3142546089517402,0
u00018,4,0.3832768500116379,0.18713922874940003,0.6809573824365378,0.377796181673454,0
u00018,5,0.5185916669854156,0.22520943503396046,0.2192760573501114,0.3200277338055785,0
u00018,6,0.36406823679035893,0.7045866916274366,0.537475708947433,0.4705464840690631,0
u00018,7,0.421168912051579,0.2261298736274791,0.33078894546254195,0.2406334595127293,0
u00018,8,0.4997554165871147,0.5748786946121208,0.7257575460802536,0.6218517651943594,1
u00018,9,0.5522637056463855,0.7591723854836429,0.5563581505151112,0.533604411137909,1
u00019,0,0.5147768145048963,0.8866932840888002,0.20702116155570582,0.5298795896340739,0
u00019,1,0.5709854491120424,0.5297452212805086,0.4395973087994596,0.43056996940986275,0
u00019,2,0.4387099941737944,0.5853869584634526,0.28065453781091954,0.4803840944272841,0
u00019,3,0.692407857195728,0.7505701637980058,0.7304236138459799,0.6743195113540811,1
u00019,4,0.7867515905967684,0.11430339074709295,0.360233702676669,0.5141230622570699,0
u00019,5,0.25896137269530217,0.1775266834740289,0.47578427409594465,0.3215649901656728,0
u00019,6,0.5106509298621333,0.39526805277948035,0.0943816185111232,0.3368783738190819,0
u00019,7,0.6267569287978577,0.7715796299875224,0.18996875087786255,0.48490392979012686,0
u00019,8,0.6571078200848299,0.06663435350425728,0.4616633052160359,0.3066676872718878,0
u00019,9,0.48796196066708203,0.4280371795814469,0.43479441530800633,0.4169099246005099,0
u00020,0,0.6906043419006509,0.37345512514052537,0.764211427719365,0.5733061331851312,1
u00020,1,0.7478855301162115,0.6928944468985418,0.6266269816614445,0.7320291771917457,1
u00020,2,0.9327421991523819,0.6799891996673147,0.4461400886653604,0.6191480580929725,1
u00020,3,0.9799377756512728,0.4599797451513282,0.7220996568142396,0.5998580573974517,1
u00020,4,0.6067004993822794,0.5813145875250424,0.5498142858518261,0.6015987538717517,1
u00020,5,0.8457592217037273,0.9366591746020805,0.624829183270062,0.7133840479631146,1
u00020,6,0.5783497364566161,0.3518301804079992,0.7131971565765234,0.559614779814923,0
u00020,7,0.6836961694765951,0.8753487054143916,0.5725711162270019,0.7344165348833557,1
u00020,8,0.7660115899328642,0.5470092279164404,0.2251961061671569,0.5762948565637379,0
u00020,9,0.7149880031183008,0.3980752361017481,0.040257627804157925,0.34355205722645926,0
u00021,0,0.8552552064427954,0.5507743012476399,0.3580209563488256,0.601270581157494,1
u00021,1,0.8118454073696482,0.6499169795274125,0.8998350448467061,0.7877445794917113,1
u00021,2,0.8102148315957219,0.5802207028987303,0.3939978571472739,0.5449791412043263,1
u00021,3,0.7883354216464744,0.3568909823938702,0.3761886798427183,0.47164817434399137,0
u00021,4,0.9020770442478676,0.8015229464377156,0.46614073769497333,0.7603053935101336,1
u00021,5,0.6392478441149094,0.2284680910932808,0.6273329654434883,0.4520470482335901,0
u00021,6,0.7134650562183921,0.49619373846144676,0.11665963504017196,0.46327327871997065,0
u00021,7,0.9244133516176595,0.5450911049788089,0.30650540746227894,0.6443428973214396,1
u00021,8,0.8718527493663829,0.47785154912958916,0.6337097242090695,0.7547284808599033,1
u00021,9,0.8616228775027475,0.7702551584341383,0.2818455420704319,0.68297290895681,1
u00022,0,0.5535572211896888,0.38617535224175864,0.6533211015588974,0.46166834862557427,0
u00022,1,0.5195623780916329,0.4684532177448979,0.1779477034288166,0.45511921887785434,0
u00022,2,0.7199669689824615,0.6018001297997095,0.9051508934022674,0.8037908082001869,1
u00022,3,0.5122997272383223,0.6681774831731149,0.37701897899365633,0.4730688869406512,0
u00022,4,0.3766609797499785,0.40201408941680206,0.07295739869382933,0.36587077874815366,0
u00022,5,0.6259716039995636,0.24192392505625124,0.5082449311066832,0.4319963108491273,0
u00022,6,0.47945087645341716,0.8216590075622958,0.4790234113780335,0.6952378123212131,1
u00022,7,0.3992577243408784,0.1603215488927638,0.6717255245204852,0.41464712780036966,0
u00022,8,0.589271421116966,0.4594187349604195,0.8645917680909269,0.6750483638888821,1
u00022,9,0.6226979274867805,0.7455608454672596,0.5527111743857996,0.7076248835664147,1
u00023,0,0.7457322238445685,0.4993672688453306,0.42364373202471767,0.5982087153043059,1
u00023,1,0.7003675652187185,0.5112194280662207,0.4581437150546658,0.6175078247610617,1
u00023,2,0.5377695351763626,0.3255926340705994,0.6362876245464513,0.5083678464436636,0
u00023,3,0.46050643363906196,0.3093473768634818,0.8483407496394562,0.5689970727153333,0
u00023,4,0.6375242296171957,0.08190547199670078,0.02139831812750559,0.24117033760977347,0
u00023,5,0.5567260691286465,0.5205942237402646,0.19635985628603672,0.37175789208068727,0
u00023,6,0.43903059782881415,0.10813939844285708,0.8404674222564801,0.4912736226272827,0
u00023,7,0.7080254693418101,0.571872800000617,0.14999753730816662,0.5357185817664976,0
u00023,8,0.42864162574530323,0.6155801335868891,0.03298262484888914,0.42780874410691183,0
u00023,9,0.5542669423065733,0.4272109269200973,0.22312654995978123,0.42900617563580334,0
u00024,0,0.40932935267493786,0.3799102537716453,0.2819751827771753,0.2706909715706817,0
u00024,1,0.36664383680008794,0.5185530025534107,0.022467723875829793,0.2789616682882179,0
u00024,2,0.2691803994578247,0.4169383336424172,0.035755590519482516,0.24782078839990013,0
u00024,3,0.44482149524123354,0.2372867796144435,0.3776253657345184,0.35094221980653895,0
u00024,4,0.4302355077495219,0.20603453181275425,0.20901910006205512,0.3797023903396832,0
u00024,5,0.510053613129701,0.34134888489731335,0.09363875874314381,0.37137363403934026,0
u00024,6,0.3240894089493134,0.41260610422893196,0.38912078729514,0.43059836107529564,0
u00024,7,0.5261674971572687,0.09217329415781167,0.27505375177696223,0.2036569988534816,0
u00024,8,0.4517149918711018,0.127503323596679,0.5208458864317094,0.43739868319675596,0
u00024,9,0.25596186801796283,0.2911645471099985,0.5238097418357925,0.2585287128643497,0
u00025,0,0.5395874816669078,0.263516855536609,0.43672150619003536,0.3677409216654164,0
u00025,1,0.30581101813542116,0.6350827429784357,0.7974799904893773,0.5812322168857347,0
u00025,2,0.836258330714557,0.5596666500954923,0.0,0.5099185480090795,0
u00025,3,0.35263798130311347,0.2686763429481771,0.6280206071135193,0.4501475405156544,0
u00025,4,0.3391085902292531,0.16722757509627428,0.16008168828271147,0.21673410247933475,0
u00025,5,0.5983977953452898,0.45540614691783776,0.4980710008130657,0.5651835294959568,0
u00025,6,0.6322832096739526,0.5707813129974797,0.48005951682084425,0.5784711956992855,0
u00025,7,0.7947447623690463,0.2986684451989434,0.3350189912897176,0.4576502967844458,0
u00025,8,0.6182874988849839,0.586485095680766,0.3498435273945233,0.5975841666062998,0
u00025,9,0.6692564468711726,0.5328166314955531,0.31152989008969134,0.4800183512986591,0
u00026,0,0.6482901033371283,0.5060710734597427,0.2528562993882368,0.5161590772302561,0
u00026,1,0.6593579738665512,0.31554123799106315,0.18159422949531528,0.46362748054522945,0
u00026,2,0.7391447066967388,0.6774630401787662,0.33204372202526855,0.49205851988527166,1
u00026,3,0.5549569119206387,0.650400967754057,0.5589579542418661,0.5754454333230248,1
u00026,4,0.7051035176130318,0.6894294382983546,0.41091324847503585,0.5945514987205865,1
u00026,5,0.6273489244851043,0.14450138971452048,0.27179040916516106,0.4110742701066004,0
u00026,6,0.43224812083753616,0.8272032721844499,0.08092208216922536,0.4044443738333875,0
u00026,7,0.59689633875794,0.2604307057833023,0.47896116284337625,0.4090957976533599,0
u00026,8,0.7827188170235283,0.09886703913138922,0.9723924336885765,0.6606578116988557,1
u00026,9,0.746213692573621,0.5167426687230339,0.3948508334609966,0.5493186469461071,0
u00027,0,0.7295771118223192,0.40266613383287075,0.5780762997986509,0.4614390769282695,0
u00027,1,0.9658170821258488,0.6391586051909095,0.3802402971920291,0.6770733507450334,1
u00027,2,0.5457389405807097,0.8364643632723142,0.1659169717414269,0.5014545744626594,0
u00027,3,0.9354003948772897,0.874224867007695,0.4513002988174577,0.7527990021788415,1
u00027,4,0.8006316951990055,0.9183388709775466,0.40554028406247256,0.6634946445616507,1
u00027,5,0.6594108650444235,0.6705359485645203,0.9001904328075672,0.7433070130939561,1
u00027,6,0.5731432009340443,0.6311033807332819,0.8582037255668169,0.6028980116673464,1
u00027,7,0.6116490642574881,0.5903740137724913,0.25132170295837475,0.5215590881009602,0
u00027,8,0.7289667932882365,0.49993789341800776,0.4026829137834411,0.5060272633586524,0
u00027,9,0.6875878365309313,0.582348922814587,0.664589918161971,0.6263029417033592,1
u00028,0,0.96935800462625,0.4835497714000764,1.0,0.8500481528980182,1
u00028,1,0.3203537520578142,0.4896048737932171,0.29269769993826644,0.41038591191255913,0
u00028,2,1.0,0.08302937954440448,0.5690409043352382,0.569716959322412,1
u00028,3,0.9680036508209243,0.3336216808653331,0.6575211196555892,0.5362030073072798,1
u00028,4,0.5974996724592337,0.7595254784481527,0.832004994867255,0.6951273223536116,1
u00028,5,0.47456684177774056,0.2847249550620147,0.6884168048827946,0.5326003194568429,0
u00028,6,0.8059755464083004,0.3219631584009048,0.8942933214617762,0.6537845861155439,1
u00028,7,0.6627428187786542,0.6241049108855793,0.41802253897526737,0.6305611920696319,1
u00028,8,0.7595824537705412,0.5028949249317056,0.41204368796082835,0.6072155868838477,1
u00028,9,0.6989210743981565,0.6002105956123265,0.45421355156687204,0.6059023042328957,1
u00029,0,0.7960284076688625,0.5370029056035932,0.7552845472328331,0.749394880969233,1
u00029,1,0.6506023605321053,0.5486259823953,0.4962905678532774,0.5910901650096766,1
u00029,2,0.8067490781270145,0.4339621900569234,0.680103081996703,0.6625147748984147,1
u00029,3,0.9172887626514351,0.5932005068332425,0.8211041751055643,0.7432171458927045,1
u00029,4,0.900147843635199,0.704264083714363,0.4935751515448997,0.7497836238598812,1
u00029,5,0.949758351392894,0.8814178318644399,0.7102881798879077,0.9056648860587792,1
u00029,6,0.9678890605044452,0.7687343782042193,0.9680960625241051,0.8669756167971373,1
u00029,7,0.9338597557737328,0.26008924678936535,0.6748038467068069,0.6168374787709628,1
u00029,8,1.0,0.718922679450859,0.5106434141885887,0.7884361360671617,1
u00029,9,0.9262061657649256,0.9282863854524788,0.7545913723303652,0.8902295852309158,1
u00030,0,0.778783402731227,0.7913659769014361,0.32386960887485156,0.5763575562132265,1
u00030,1,0.6387129631433865,0.6558870142319181,0.019193094789688503,0.3948469970823276,0
u00030,2,0.7119530065106621,0.2197950834178925,0.7372149018277288,0.5947542003514614,0
u00030,3,0.7497367782802401,0.20665132755903787,0.4859235026179276,0.49639792647924674,0
u00030,4,0.4859514482852117,0.2922973005893315,0.5220819451629528,0.5204131135170508,0
u00030,5,0.6822530373352513,1.0,0.9227259525270708,0.8735125595560204,1
u00030,6,0.7309511505934323,0.6029379507367371,0.545192532371065,0.5983944604098375,1
u00030,7,0.9843046958922642,1.0,0.6428526590578264,0.9398147686440627,1
u00030,8,0.6245993074249074,0.5102665692556773,0.6988116212840957,0.6377924807764881,1
u00030,9,0.8327865278595983,0.37444213621928274,0.20330068618068803,0.41954066941073254,0
u00031,0,0.5849733140345232,0.255593542750762,0.08647090122844878,0.19925109370198363,0
u00031,1,0.3836187408149042,0.27896149332306047,0.2867574620369651,0.42683925560167535,0
u00031,2,0.3415518024459686,0.8223838527553637,0.2759227679753061,0.467043636401438,0
u00031,3,0.48051788031376863,0.3146379594028772,0.4121284608890905,0.45138155427016624,0
u00031,4,0.5616109597469349,0.2924808722450697,0.18953333216162777,0.4420008389424043,0
u00031,5,0.41176692099994167,0.13009223058234692,0.6418200785914198,0.4274311875420526,0
u00031,6,0.18918886865730922,0.32309249518247973,0.7238376143317764,0.40044804642649445,0
u00031,7,0.30132640647911824,0.4489243169081759,0.3716725005886356,0.40612087968744237,0
u00031,8,0.5565418309886806,0.2681676775373907,0.0,0.261028070330807,0
u00031,9,0.4187174920108284,0.3892497446771697,0.0,0.27434632359291683,0
u00032,0,0.4130058779041658,0.4592387925553671,0.24385682831183023,0.3704607706554557,0
u00032,1,0.38028939041196363,0.9085540906536731,0.7114214577505218,0.6417299540095254,1
u00032,2,0.49307849652687724,0.5425378936721706,0.7532292859556406,0.5534243325223698,0
u00032,3,0.6584239632261123,0.2217294788062163,0.19683420105664373,0.3516066320925955,0
u00032,4,0.36008605743020805,0.0,0.296064491258632,0.25209526956941397,0
u00032,5,0.36613311518170233,0.505289381392134,0.1351128278049394,0.32810263714941207,0
u00032,6,0.5422486589709158,0.5819631932730456,0.3695552397054881,0.4933729412952454,0
u00032,7,0.6801146226546387,0.47989164330580725,0.396279894529723,0.579302526801657,0
u00032,8,0.49221550701521366,0.32123319413969864,0.15630728808644684,0.3002164257547355,0
u00032,9,0.7063955343750588,0.2595100583210129,0.0,0.3752985011994477,0
u00033,0,0.7530169003376173,0.9451473904426352,0.21813957289669808,0.6298284321553785,1
u00033,1,0.9323194171949056,0.3419161024837055,0.6304356234654878,0.7193645999001416,1
u00033,2,0.6176428430100364,0.4475798860314854,0.2563497261056896,0.44640822751464454,0
u00033,3,0.6955642487006989,0.21696250022303032,0.7733213732698359,0.5639087217143612,0
u00033,4,0.7578180353938007,0.598457561014484,0.7069958723633593,0.6424884122194882,1
u00033,5,0.8738433457059576,0.38322413155282753,0.7226992078035259,0.6526156985745976,1
u00033,6,1.0,0.6522217415685987,0.29603860445424046,0.6283807706898717,1
u00033,7,0.5114235943741875,0.4892805582783387,0.6218908654079043,0.5366454395658052,0
u00033,8,0.6116904408300926,0.6826076616167234,0.5077699846758807,0.5256778093153848,1
u00033,9,0.7564890309768001,0.331623967223862,0.5791799687000743,0.5321018490190199,0
u00034,0,0.56317058677625,0.2388318099647202,0.09545264938569697,0.2647620884305476,0
u00034,1,0.10246659355327842,0.26056514056976876,0.031611805494934864,0.06905312776722607,0
u00034,2,0.47834707483246064,0.4243364320021668,0.1577868474304807,0.3564305473963479,0
u00034,3,0.3734300147044663,0.3704521089906456,0.16705117332860486,0.3423522560803415,0
u00034,4,0.5246172223869188,0.4779415883864178,0.21650284847984058,0.32145000864322243,0
u00034,5,0.5299468307900547,0.4108804656074514,0.5008710235814018,0.43885404273550443,0
u00034,6,0.744325344978591,0.5981854306015303,0.22208544654482198,0.4816475251101422,0
u00034,7,0.21672833143385123,0.0158971018074468,0.26130705927075965,0.2699683898690287,0
u00034,8,0.47549781896059945,0.1498809218005517,0.11237303116978592,0.2602416385528312,0
u00034,9,0.33937490600839715,0.0,0.0,0.06642149784989765,0
u00035,0,0.8095576964387765,0.09537763494239077,0.7072544345128107,0.553766880441521,0
u00035,1,0.6855354050278446,0.5498039826226434,0.7007342978918707,0.6846968976367519,1
u00035,2,0.5412771454918327,0.46368453930667897,0.5925230292370482,0.6755394163746455,0
u00035,3,0.6602847920940986,0.5737485284203812,0.6337696814512868,0.588271760793227,1
u00035,4,0.6931051487594291,0.7281328449678275,0.26432768886530766,0.5589392502542491,1
u00035,5,0.7455579573461198,0.31593541476214554,0.9406837156413529,0.6944862356135634,1
u00035,6,0.7153398535395376,0.6309428821301394,0.6783579356886796,0.7445709884760401,1
u00035,7,0.4936183471631492,0.6008127624658129,0.38775243148403726,0.46719569530911115,0
u00035,8,0.664790074753871,0.23985560484277962,0.4653826702949899,0.47209180510039433,0
u00035,9,0.43474936062240455,0.18183761823622574,0.8196655627591352,0.49414309787272487,0
u00036,0,0.713643853481605,0.7339218716648783,1.0,0.7696208039998645,1
u00036,1,0.5997190510486908,0.627417344588003,0.27764711413991716,0.5382393204447952,0
u00036,2,0.4478825538204151,0.5600448082439029,0.4483025062741825,0.49132953603182317,0
u00036,3,0.3288208348355925,0.49377453652974485,0.3260198048127546,0.3819147168598022,0
u00036,4,0.6033302843181086,0.5337315847340086,0.17137578554548166,0.46678446125244666,0
u00036,5,0.5507950706836099,0.6423343776496729,0.4215127814308787,0.49668040950317477,0
u00036,6,0.6552653129301143,0.28491790447776644,0.6953500044093448,0.6085896173511689,0
u00036,7,0.5285086975827581,0.4273350651194774,0.6892242968307991,0.5489416914969752,0
u00036,8,0.424199714323643,0.8138368133382936,0.7801838291178176,0.6339719863489106,1
u00036,9,0.5085057086441105,0.3262062966813061,0.5964315282679149,0.48313020691318614,0
u00037,0,0.7250165238971855,0.4987290263154747,0.4015774678256843,0.5361087548853285,0
u00037,1,0.8492791921943043,0.7371585978199799,0.19460128156536036,0.5813590606389704,1
u00037,2,0.292392710465093,0.21383339820992026,0.33305884947041114,0.3259893768325318,0
u00037,3,0.6936321723974508,0.2569175227446697,0.8809215283291658,0.6423634852186794,1
u00037,4,0.5234141892526734,0.38835236995060085,0.5445265529784001,0.5113391754977703,0
u00037,5,0.803914238903701,0.5821650501815624,0.5765342781556493,0.7025473875681703,1
u00037,6,0.9001983024009252,0.07612968329042652,0.2967126035102855,0.4017754114719063,0
u00037,7,0.4262770590273679,0.404129532003766,0.4203651880973711,0.38511527053618777,0
u00037,8,0.3209055389598468,0.555835970904119,0.38609658528906415,0.3876808675609361,0
u00037,9,0.5195270542399839,0.8697956322533169,0.6396236123621951,0.6623770449292254,1
u00038,0,0.43625946495078566,0.3495618371854152,0.6785858050697505,0.4058387342952523,0
u00038,1,0.6480440674843333,0.5757960887268564,0.6524801438926988,0.6744164447279727,1
u00038,2,0.7558889308047203,0.600279106486048,0.35530779014778824,0.5071164908850446,1
u00038,3,0.8126339312659214,0.9509165424228565,1.0,0.90441995119517,1
u00038,4,0.9117385015326089,0.336379129304203,0.12452626373206988,0.40991742126009967,0
u00038,5,0.9271762139208437,0.7903218613516743,0.46568459131492074,0.7370775594635646,1
u00038,6,0.6759735022033241,0.49503305979979606,0.14877777343616266,0.5263543827966011,0
u00038,7,0.42558933745618666,0.143365839900835,0.0,0.15991973043277735,0
u00038,8,0.8133793396904094,0.8541770261874642,0.793835173528003,0.8419651775656188,1
u00038,9,0.5589496672762256,0.6195611934505337,0.5097835614754694,0.6609859748576707,1
u00039,0,1.0,0.25409556880419687,0.4502409353397929,0.6338931343153458,1
u00039,1,0.9514585242496622,0.627252106088939,0.6431511022393901,0.8302761799324967,1
u00039,2,0.769092933567009,0.6979277930199648,0.8794338797974366,0.8350399428953673,1
u00039,3,0.9802817789452425,0.643737091175498,0.5045475066057644,0.71839409543957,1
u00039,4,0.9060500372578723,0.7244893750853516,0.6009924848834162,0.7772533626279626,1
u00039,5,0.9014661022188146,0.9324162335002402,0.8135913176580908,0.9123247815638049,1
u00039,6,0.7818880233694476,0.7375399651549592,0.4882373700878433,0.6576442130128753,1
u00039,7,0.8124499225132747,0.7626646860358111,0.4109310913629238,0.6910534951685317,1
u00039,8,0.9947763509725747,0.8127034495493037,0.7029424950704382,0.8700554962781278,1
u00039,9,0.6411512169602986,0.7030697271986569,0.499505983558129,0.638448233472429,1
u00040,0,0.6660535237939073,0.3368381470930506,0.43079447343975164,0.40324895341637845,0
u00040,1,0.8983916652110299,0.5150229721883895,0.45366734230110417,0.6076135258026092,1
u00040,2,0.7534627869916479,0.7033454431091265,0.37866420930229416,0.6603966502904937,1
u00040,3,0.9486040642734863,0.3927131458995313,0.6749946360701475,0.6759084009250694,1
u00040,4,0.9244692765469038,0.5747050445751403,0.5447931018090011,0.7077716562606936,1
u00040,5,0.7077390127297325,0.30539356656407485,0.38665956722126876,0.4692603142341919,0
u00040,6,0.7087401209856805,0.195206382545481,0.19472638806304376,0.3461302757998845,0
u00040,7,0.7040274933062213,0.4568714111667642,0.598731587143816,0.6556575131547666,1
u00040,8,0.7008357786354049,0.7951975066764309,0.5363182359084379,0.635759315024753,1
u00040,9,0.7960376283687048,0.3825445009842755,0.5606603295525243,0.6375512380856513,1
u00041,0,1.0,0.5986810621864289,1.0,0.9690263685242446,1
u00041,1,0.7311403019178447,0.7247008372260162,0.2890117942230574,0.5353982983763163,1
u00041,2,0.8520899262540078,0.8804719097049537,0.4395384886017793,0.7760432530842111,1
u00041,3,0.8365924467963278,0.4657552356640744,0.2909797955050546,0.5414765835517692,0
u00041,4,0.6503420846003266,1.0,0.3268740280562053,0.6322138402609511,1
u00041,5,0.8993875879904839,0.7632099495081567,0.8665642712782105,0.8013620972612173,1
u00041,6,0.8096023488646791,0.7855630473367544,0.41984658181774154,0.6832474383366562,1
u00041,7,0.7237373114809716,0.6122283504040157,0.849324038307809,0.7317730577568983,1
u00041,8,0.6475645570056277,0.633402040417341,0.3795254562691791,0.6163403359739117,1
u00041,9,0.823042954026656,0.9391988307344364,0.6783164019014937,0.7740479155643718,1
u00042,0,1.0,0.3197067553694211,0.6706855111262663,0.6256175182728604,1
u00042,1,0.7457857666236458,0.7573177472043098,0.6762569404898708,0.7350696567264147,1
u00042,2,0.6781010883321702,0.5787810473966231,0.6610691366431829,0.6339544229101326,1
u00042,3,1.0,0.6320091100519617,0.7652291983291066,0.8204651934438977,1
u00042,4,0.9021019418144498,0.8723934497813153,0.25261096456973336,0.6691436422794746,1
u00042,5,0.4278848046952001,0.0919878050686973,0.8324292433108085,0.43209453643568857,0
u00042,6,0.6719069033501263,0.6844565522748646,0.028354666864896183,0.5347072043628384,0
u00042,7,0.6223773328926159,0.7099170796386162,0.39116540700875824,0.7159733861375459,1
u00042,8,0.7980483442458267,0.36047870852235514,0.34830243381411874,0.46730789969405157,0
u00042,9,0.8215556202650236,0.8446343206985107,0.31633663325438954,0.6415383725209431,1
u00043,0,0.7680687451151251,0.8092863364028786,0.5624279312869267,0.6751663757229446,1
u00043,1,0.47943494371481055,0.40148786038269013,0.6942844316131415,0.5496913159924361,0
u00043,2,0.8665302421793261,0.7860397963517034,0.19060944621666304,0.6313590138755106,1
u00043,3,0.7747696081188296,0.5174855962676435,0.47361296552347487,0.5838912450843572,1
u00043,4,0.6275436888361616,0.2782281699330252,0.6773413198348359,0.5199542706589734,0
u00043,5,0.9249680221506851,0.7620956593414226,0.44249912954434556,0.6870691476754022,1
u00043,6,0.43342687078029773,0.6053359531297942,0.688167332867172,0.5630791295892313,0
u00043,7,0.7064198060361455,0.5543037499878413,0.4220903594375918,0.5277945432482803,0
u00043,8,0.7219777942734693,0.4092259299427582,0.3153041383009741,0.5211342472663175,0
u00043,9,1.0,0.6000411332790945,0.5045602712982449,0.6637677684191401,1
u00044,0,0.23928426464236974,0.3927592364436873,0.0,0.1578338337886532,0
u00044,1,0.26657272951815136,0.5561444557536114,0.12475949407455539,0.31987397423144737,0
u00044,2,0.3910073589401186,0.14331371119343672,0.054412071128575185,0.1740312347555041,0
u00044,3,0.4076475907550409,0.3592917708565054,0.38659325351480883,0.4205050740411667,0
u00044,4,0.36167035562513256,0.0,0.0,0.15338557958251642,0
u00044,5,0.3512148849529536,0.4095137792367344,0.6327253270495764,0.3977172597433907,0
u00044,6,0.15124943597836532,0.11202381727753133,0.6282458611471406,0.33772729130940565,0
u00044,7,0.47850174062843376,0.2309452727504031,0.3680367245450461,0.38988020567935666,0
u00044,8,0.3772538122666606,0.11874662529112379,0.20332471116161846,0.24471213481853038,0
u00044,9,0.36113080222275884,0.0,0.0,0.11619384220076671,0
u00045,0,1.0,0.6375985594526159,0.25333035279306465,0.5690482734973271,1
u00045,1,1.0,0.5436100870146259,0.8366706034092775,0.7504987816797537,1
u00045,2,0.8687876521476978,0.691482573275072,0.7270787252532429,0.8305131256740681,1
u00045,3,0.9818562067404151,0.5726303780831903,0.5521988559242413,0.6323317010896687,1
u00045,4,0.9975765061957707,0.8811686505313241,0.34662579552775513,0.7502336803889395,1
u00045,5,1.0,0.9279869360106833,0.7430853371216583,0.901148027742993,1
u00045,6,1.0,0.7744453479867099,0.8224467702203341,0.85215167020351,1
u00045,7,0.8569291400822232,0.8517639118501366,0.8517062798973187,0.8420621104317167,1
u00045,8,1.0,0.7686834849468881,0.5147290849129551,0.7266792808816256,1
u00045,9,0.8727333674158572,0.6779676934513146,0.4647387544855004,0.6073307075789738,1
u00046,0,0.11129520256343217,0.15592128597010485,0.11895562011748739,0.14541747968003538,0
u00046,1,0.20416118822754858,0.5447416977293483,0.0,0.2952118004850641,0
u00046,2,0.6165472049553908,0.44571763127877817,0.038417134982884515,0.38161436525027437,0
u00046,3,0.39742597249876505,0.10086425749371031,0.40889866296526955,0.25899690111544593,0
u00046,4,0.403130699391242,0.41348391381130073,0.28676201203220475,0.40112846159040527,0
u00046,5,0.1770944868733138,0.6278332630095862,0.20451209524861358,0.3388452653907368,0
u00046,6,0.5970364956435334,0.6145613140716213,0.6651895223559285,0.6177353371579489,1
u00046,7,0.35136783446085834,0.4190442908018547,0.21217125629814554,0.3511497662027788,0
u00046,8,0.3284503863798785,0.8309180412446082,0.0,0.462512061474824,0
u00046,9,0.44588147606134393,0.35062785018321296,0.07428821846214437,0.3294627735356271,0
u00047,0,0.6883215612333848,0.696184188398324,0.2862735332541272,0.5723355107083192,1
u00047,1,1.0,0.4444627506656892,1.0,0.8181453517358421,1
u00047,2,1.0,0.8596958688821337,0.3150220949393292,0.6532094848653456,1
u00047,3,1.0,0.5531774135861738,0.09077479436221841,0.5493710374637232,1
u00047,4,0.6415731011520249,0.43165610284108946,0.6968866479824671,0.688163413717727,1
u00047,5,0.8846368909640744,0.6406718024464703,0.25755450140300346,0.6286583060559675,1
u00047,6,0.9596300316150099,0.49692192562487847,0.9785289634589169,0.8735638265222866,1
u00047,7,0.6217580346764721,0.6028278777627878,0.3671962133290918,0.42993214023246157,0
u00047,8,0.8695895456284755,0.5069383740195045,0.29218180123894844,0.4828004150928107,1
u00047,9,0.9500576201478563,0.8285225070981163,0.6073310067704512,0.7818539632058742,1
u00048,0,0.4333365220929708,0.662124231379406,0.0,0.29479660655567486,0
u00048,1,0.5056470873605969,0.2014028669030155,0.2501280478713915,0.32236504171540487,0
u00048,2,0.40378157864773023,0.5082717072160149,0.6925658310186918,0.5651087619136762,0
u00048,3,0.62375018118404,0.3937047877659508,0.491624463716188,0.5279075913032449,0
u00048,4,0.4080835740314853,0.4107046585390374,0.4202839259871169,0.294407936220214,0
u00048,5,0.7684675686466476,0.676321408138724,0.0,0.5141545313910929,0
u00048,6,0.449322809560328,0.5704269213205444,0.42685546815927605,0.49482548571553103,0
u00048,7,0.7191579383762923,0.7331322072724613,0.04716643675453802,0.5405944929230866,0
u00048,8,0.8736807185549655,0.3854138773433692,0.0,0.42159196797383386,0
u00048,9,0.2943732822551597,0.5212287650403232,0.27722389768741296,0.4362680279157264,0
u00049,0,0.6750994531204138,0.8576816748162952,0.03651732969612387,0.47774485822518686,0
u00049,1,0.8183681271330552,0.41964363243442737,0.6191029753751377,0.6566276905061967,1
u00049,2,0.6078644135179294,0.7509665326870514,0.6246717295600245,0.5831016309462784,1
u00049,3,0.7317368706032471,0.5536739165245861,0.5344940312353839,0.7416632674703733,1
u00049,4,0.808941026784685,0.2908733681026482,0.681939174990872,0.6521082747148733,1
u00049,5,0.9028175557890126,0.24697522711406888,1.0,0.6945949638174447,1
u00049,6,0.8437971094048214,0.6456363127953298,0.7154613602201637,0.7171652747810607,1
u00049,7,0.5067038931103506,0.31146800494520827,0.4728362779143414,0.45182169673126066,0
u00049,8,0.8294846369076048,0.6488503829559865,0.7839660930955572,0.6852090972662602,1
u00049,9,0.6144207732373778,0.4756400887424181,0.12187510558655018,0.4419920230928526,0
u00050,0,0.51013147945221,0.28433155325516435,0.44115627966603,0.45079800283110616,0
u00050,1,0.4553659171031589,0.1733458216487723,0.2976931129230403,0.27448230205555063,0
u00050,2,0.41746828877703895,0.3506551549626592,0.30169264845599547,0.3729328247786165,0
u00050,3,0.3133907669933047,0.0,0.0,0.0,0
u00050,4,0.33711968891559263,0.18115440048804687,0.09834036595781526,0.2207639757878668,0
u00050,5,0.3693200433066457,0.5095391859893346,0.3875425566695578,0.35840654488002044,0
u00050,6,0.6583641384862455,0.5140063525311642,0.5881134936816121,0.4878836329334917,0
u00050,7,0.5086783991481469,0.5615363439144122,0.14302364011267066,0.3610462873630633,0
u00050,8,0.4033874532221806,0.012055053165254792,0.5237612109889237,0.33884699965006393,0
u00050,9,0.24030395201007168,0.41581136314260625,0.6527708787811648,0.3768465543740291,0
u00051,0,0.6837993942206446,0.5195024656293245,0.6728062706955826,0.6143505061746821,1
u00051,1,0.7072125022162766,0.6026251029120402,0.5382161895254948,0.6373848038459069,1
u00051,2,0.5701940745879446,0.37132805881569,0.21678530849637653,0.42544521292228277,0
u00051,3,0.7036856856226207,0.7480507485177073,0.6341455634085316,0.7260907813482462,1
u00051,4,0.8241744623001773,0.3257633164340979,0.20383613237643483,0.39408280195057166,0
u00051,5,0.6122794600022017,0.5492727427199164,0.41590755616767877,0.500000001824926,0
u00051,6,0.554393122581004,0.34015116809717416,0.08444571477905649,0.3079421460247613,0
u00051,7,0.4858425515019078,0.7425469090779542,0.43581974799591844,0.6258295162602424,0
u00051,8,0.8665430066594257,0.7639428374595577,0.3875263218066337,0.6915880277538097,1
u00051,9,0.8646691992618092,0.8275981985767635,0.5224085311123978,0.8147243523341833,1
u00052,0,0.23463232915175727,0.20748632512819426,0.12845483131316474,0.18609392539492964,0
u00052,1,0.37022188445910326,0.1939439118005315,0.0,0.294037984653446,0
u00052,2,0.21970716518462724,0.48050717234385887,0.4473896760329283,0.39977699501284,0
u00052,3,0.2432387406912795,0.00022820914828058925,0.5200679687798919,0.3475912446736403,0
u00052,4,0.29011014623427805,0.05396943281368724,0.0,0.03652346889321881,0
u00052,5,0.11606412476838518,0.2260698290733442,0.017767034320291003,0.1666045534803245,0
u00052,6,0.24186161883952964,0.41758793468669786,0.0,0.1669790865677536,0
u00052,7,0.23499735283347312,0.09354943128764398,0.041882590430614236,0.07358505483299861,0
u00052,8,0.42637782357846243,0.3478131949283282,0.0,0.14263172434094168,0
u00052,9,0.27938102021663713,0.09187288095198287,0.37746325906396594,0.27239455932818535,0
u00053,0,0.5411705453425096,0.312729815950085,0.19812714354323707,0.3416943639383334,0
u00053,1,0.5987945555890881,0.43975489787441224,0.35996912741103626,0.4362298259084539,0
u00053,2,0.7206159152908749,0.06665595226463844,0.37966105076244816,0.382051989493965,0
u00053,3,0.5637118404640948,0.35690882939885016,0.9169988048155446,0.5739049870831509,1
u00053,4,0.7944203756532058,0.5640132172579881,0.22829540091871894,0.5960825763493247,1
u00053,5,0.714884502310116,0.6405248662318729,0.4450496243756482,0.5941138889459991,1
u00053,6,0.6722228836322318,0.6427952816769569,0.31040052741019064,0.5932450871227659,0
u00053,7,0.626272078540055,0.3303081045298218,0.4530134855610304,0.5466414987777257,0
u00053,8,0.6562752141042079,0.6874134262531381,0.0,0.44761181862407406,0
u00053,9,0.6822755528395207,0.45668296538162106,0.9909681800857404,0.7585811916340777,1
u00054,0,0.6410618252945169,0.409308840334814,0.39128391397308093,0.6008607250417269,0
u00054,1,0.5186861055195443,0.0,0.2955230737571044,0.42990927311640514,0
u00054,2,0.7472499265612726,0.6178079354560047,0.39554787211281384,0.5259547427588719,1
u00054,3,0.44790707300461036,0.22352100247144382,0.32617535742275866,0.3169587740807713,0
u00054,4,0.4995187187006234,0.25889976905899975,0.0,0.269804945022872,0
u00054,5,0.5522802418245714,0.24933780445853848,0.6047651581082534,0.4833846119394057,0
u00054,6,0.34480686428318985,0.4242552948794129,0.2897131423179789,0.43549085021655004,0
u00054,7,0.5758985747464375,0.4712844193055664,0.27963244970968887,0.4397179059463297,0
u00054,8,0.3429054950882108,0.15249276449726182,0.0,0.09433999708990695,0
u00054,9,0.35625168520011186,0.5771883408823579,0.9416477573808304,0.583724663111503,0
u00055,0,0.30535341178961256,0.4889648377296998,0.16934833104388486,0.24375810708624823,0
u00055,1,0.56067453148094,0.5031428619007738,0.3609211136713154,0.42132727385891733,0
u00055,2,0.33552563386671663,0.5389307630263704,0.4887680801859237,0.4654003593732842,0
u00055,3,0.33366584611230826,0.5991739998111304,0.11204646682742775,0.39424494974728486,0
u00055,4,0.4120642987983017,0.5720498659000829,0.1396660993891747,0.35590784916700213,0
u00055,5,0.5831235582284913,0.9122979284223339,0.14729827816545407,0.6105923708174871,1
u00055,6,0.8399848932248506,0.3835548784160968,0.16771687669412116,0.37156905721830025,0
u00055,7,0.6363987688268196,0.24947838753915064,0.03615255170847392,0.2777829172002224,0
u00055,8,0.4853499559278791,0.4842095767317635,0.07574421720160784,0.3580677607724042,0
u00055,9,0.4435688211358715,0.6165469089231863,0.4921210254638091,0.5758075203420496,0
u00056,0,0.6596490367112766,0.4219925895768607,0.33231627040910217,0.52369635395803,0
u00056,1,0.7821223654202175,0.2971563479525847,0.3875441969932305,0.563686285165625,0
u00056,2,0.9451680845053098,0.5561757020202286,0.9573944305026207,0.8495484476625697,1
u00056,3,0.5000785891301234,0.6484844684216603,0.36177266752666615,0.45920615615471394,0
u00056,4,0.5701035864636689,0.532403833865166,0.3331821111801523,0.48588217279894325,0
u00056,5,0.8355414648560108,0.47668831717562166,0.8094519898407408,0.6309211909412331,1
u00056,6,0.8476954359867734,0.46763633643043234,0.4528698023811505,0.5349861349389613,1
u00056,7,0.7012497834984686,0.6218602064593095,0.8734886450151598,0.7243270796573241,1
u00056,8,0.764241933309688,0.33379854845139245,0.46251548215508204,0.5912042867135158,0
u00056,9,0.7588607462139928,0.6474504276414698,0.2303484948211848,0.5375283410688703,1
u00057,0,0.22231253431768008,0.24246757504353494,0.8547869302723701,0.33716441682916165,0
u00057,1,0.40067619532285764,0.46056081284458156,0.0,0.24557587585857799,0
u00057,2,0.4441908932008448,0.33396158708143364,0.16920799673434367,0.28985524867735973,0
u00057,3,0.43073081440405314,0.47999542003367546,0.4679463219794731,0.5252944730473168,0
u00057,4,0.2678893972453098,0.6096296449054921,0.47905742948821795,0.5148959185172246,0
u00057,5,0.29756082981660886,0.5440668961086823,0.422248835125933,0.4254246567357716,0
u00057,6,0.43050168060033855,0.14961152875035222,0.5127588492439249,0.38384424943657247,0
u00057,7,0.430310170968715,0.5514539036173411,0.03648151396249627,0.35134406325377904,0
u00057,8,0.5762995722281057,0.42816059583319166,0.38950937911950967,0.38964600479705114,0
u00057,9,0.45027072210294616,0.12009230045319183,0.23820095842120662,0.2611598257459084,0
u00058,0,0.5861104606983399,0.2824154972917313,0.6839658948272929,0.5268341155753866,0
u00058,1,0.6015767971689048,0.34400476087738063,0.5880292533114262,0.484408014789388,0
u00058,2,0.42866412624756345,0.7047080205360112,0.2845008521857689,0.5549702281137143,0
u00058,3,0.364243459301706,0.587154183224839,0.31903310564985704,0.4317847208341643,0
u00058,4,0.3115426009992235,0.10032946564954986,0.5455220887560089,0.32553058899651593,0
u00058,5,0.4839720295863649,0.3043280969816768,0.0,0.36111128136859494,0
u00058,6,0.593387297816057,0.48883795901683863,0.0,0.3106168647284162,0
u00058,7,0.6369426929814401,0.08377668703949004,0.6273257503543627,0.48126640163503465,0
u00058,8,0.6316651765728127,0.2643207215133008,0.0,0.2846782677157966,0
u00058,9,0.346456015016942,0.17992409392032577,0.2466004156107549,0.23152764159609948,0
u00059,0,0.2684944351644059,0.23918405044842558,0.29067343929290335,0.3366642015363645,0
u00059,1,0.33181329771244095,0.17868569395763664,0.0,0.09287482906092026,0
u00059,2,0.3493340855727934,0.0,0.0,0.07582618725282475,0
u00059,3,0.2546831033860477,0.2770052354206531,0.0,0.10475652198593847,0
u00059,4,0.5417116615469454,0.11029631303220094,0.3561053972874764,0.2792180618987512,0
u00059,5,0.11840613042704062,0.38603127385772984,0.6726143048230744,0.4265586247756476,0
u00059,6,0.3371602372171301,0.09557441889792304,0.17428301949913189,0.2182777424886153,0
u00059,7,0.0,0.23767067177133067,0.470376578827831,0.30025390960512255,0
u00059,8,0.21550466950997132,0.01679007651157699,0.7860571266140581,0.2614882798655406,0
u00059,9,0.22178826619421432,0.5756279439350035,0.37486260499903945,0.3620313516794637,0
u00060,0,0.8503129530967644,0.9325398505387401,0.8723565608724574,0.8717686864323283,1
u00060,1,1.0,0.5418392696714245,0.7136684047713764,0.6997352794955913,1
u00060,2,1.0,0.81264947343949,1.0,0.8792618232453169,1
u00060,3,0.9625029547243797,0.6765511567047532,0.43880108980845967,0.7929861362950483,1
u00060,4,0.7008768735608105,0.745691464117237,0.29828278145360404,0.6563790540079382,1
u00060,5,0.6171276145397577,0.6140408143939282,0.422679743404506,0.6258536776657001,0
u00060,6,0.8226824907406384,0.5811525041641818,0.5882018653305243,0.6486854442349537,1
u00060,7,0.6504512829984603,0.944089476114636,0.6832374598428189,0.7069982237215116,1
u00060,8,0.9153830891857055,0.26090495028927485,0.42696243685813273,0.5429691751639665,0
u00060,9,1.0,0.2943656836511819,1.0,0.8236005303913588,1
u00061,0,0.37002920460565725,0.22629184052315177,0.43203662643279844,0.3169623429523828,0
u00061,1,0.5668583422911495,0.5780121623078947,0.0,0.3747441449921969,0
u00061,2,0.7231882587073315,0.3141016520560791,0.5383715099326036,0.44633280732045016,0
u00061,3,0.37803404378252853,0.48831504420722344,0.07927165516040291,0.21443177134423347,0
u00061,4,0.28576087483448637,0.6679470057115364,0.13245862343745482,0.3842362746882352,0
u00061,5,0.4042698668196447,0.14350623356532818,0.03386267664149123,0.1828800263678832,0
u00061,6,0.5159233257554653,0.4913006208175464,0.19139970562810407,0.4109111877557559,0
u00061,7,0.23970939064189503,0.6186932047079858,0.6311300326050375,0.4476738533445862,0
u00061,8,0.30380572035303477,0.5259825983553341,0.0,0.18419268572074177,0
u00061,9,0.32183623511554404,0.5623876603341997,0.43157796210913724,0.4470496734254346,0
u00062,0,0.5336630782775146,0.6239469532365475,0.28415350400639083,0.5156649006141313,0
u00062,1,0.7904644179858477,0.7361082369572942,0.4346005757633031,0.6379080407736988,1
u00062,2,0.738884424885152,0.6833406952617662,0.7920165111999445,0.6957593151214463,1
u00062,3,0.7098938691022635,0.2858778156022288,0.10616742349700098,0.3333889625371974,0
u00062,4,0.8316030555550489,0.4572425392468086,0.7666757811544282,0.7195159112438319,1
u00062,5,0.881926726010204,0.6536906949642486,0.18364558329791747,0.5844548834708263,1
u00062,6,0.5947398955736867,0.27427607467023246,0.4697009414237356,0.4051730415055319,0
u00062,7,1.0,0.38623181953865404,0.35193148970972443,0.5688690155116629,1
u00062,8,0.9172291982372344,0.46455869529760946,0.5940771690462088,0.6224762303028853,1
u00062,9,0.6097051067996427,0.5352704156612036,0.38006605353234607,0.539265863724801,0
u00063,0,0.854692307483508,0.7164296762488893,0.41408057093702644,0.5647267933409421,1
u00063,1,0.6298981745569564,0.5715830448369996,0.7040080126655393,0.6443977278552697,1
u00063,2,0.9524573379948419,0.7776559499689902,0.21910012146892366,0.6722718289647618,1
u00063,3,1.0,0.6789132555023337,0.5167086356601917,0.7091941190390755,1
u00063,4,0.9018020744886462,0.8257023354056976,1.0,0.8861352933853152,1
u00063,5,0.6544064018594076,0.6966795443156698,0.7162567217689266,0.6177773536581583,1
u00063,6,0.6821115738990794,1.0,0.541437596684182,0.7748632735454984,1
u00063,7,0.6772403726897345,0.6038197048840618,0.4778462930025903,0.4778622963827249,0
u00063,8,0.77789614966184,0.7671596985682652,0.9928421370402887,0.8864301991155144,1
u00063,9,1.0,1.0,0.30156273255544336,0.7979292689732931,1
u00064,0,0.42771122699901404,0.7065590274330408,0.8526919277686813,0.6522677712385775,1
u00064,1,0.7328021905645404,0.5458141943877871,0.21099441573070443,0.48041279553836347,0
u00064,2,0.8109092072706375,0.5756729716983993,0.45863600202459887,0.6435455270371867,1
u00064,3,0.950867800043806,0.25196697041777816,0.4888710205612105,0.5962919536547708,1
u00064,4,0.5975856904869061,0.71777028202906,0.5541191541391268,0.5724088445935764,1
u00064,5,0.7936470279859908,0.5065015301160413,0.6818763432039778,0.6715843715022243,1
u00064,6,0.6513494253064261,0.7035068878843322,0.504160685302862,0.6470875017123964,1
u00064,7,0.7904799817319204,0.5985439429870946,0.8286976121507611,0.7972313285282664,1
u00064,8,0.7481765523550317,0.4824390627990964,0.31999959057594574,0.4987248837130723,0
u00064,9,0.7316503990082859,0.375944139809664,0.5012359680677185,0.4439056469681646,0
u00065,0,0.6191005736846701,1.0,0.22694568140348614,0.5941350275256879,1
u00065,1,0.6467278593054091,1.0,0.6972239432388171,0.6895147961420879,1
u00065,2,0.5159886087697914,0.6115740189736484,0.33581462414751917,0.471211205230553,0
u00065,3,0.8682080306244339,0.7565063314355523,0.16114003163992247,0.5564582582593903,1
u00065,4,0.7931740986854899,0.41456139350551857,0.33165874916725147,0.5023106218388786,0
u00065,5,0.7306977402133453,0.5081219283772164,0.8187522735505113,0.6846155235851604,1
u00065,6,0.5714521888834815,0.5470874730840088,0.7005784890349234,0.591239135301972,1
u00065,7,0.9510106068922921,0.8279793052949896,0.3992607356504386,0.6872431367969876,1
u00065,8,0.5315791362018796,0.3293068814735747,0.41931085985497163,0.35160867707723686,0
u00065,9,0.7788397720189758,0.9774789310718843,0.4314708154342029,0.6830177495011799,1
u00066,0,0.46801069712701016,0.22334262860017834,0.3162399922558026,0.23025081765100824,0
u00066,1,0.2624307513146847,0.41354600606044434,0.0,0.3322909738769573,0
u00066,2,0.5624142404834316,0.35652098701309104,0.08357262458086306,0.2915221751409352,0
u00066,3,0.6289475061715621,0.0,0.2547708289719649,0.2928577723371939,0
u00066,4,0.5799113878780393,0.12362853272663696,0.6382763776398555,0.39144975779355107,0
u00066,5,0.374437802498245,0.16933210351389993,0.3390702390854351,0.3197096822088934,0
u00066,6,0.20694406176867905,0.2625851369580945,0.5004669589093403,0.3120927145404474,0
u00066,7,0.4453734946606286,0.215641439792835,0.05468498258631346,0.27461849225519563,0
u00066,8,0.35255671628466695,0.44220244004134207,0.0404762192075761,0.2627781839957704,0
u00066,9,0.5684406340273682,0.2460194067849738,0.5035138454075903,0.4525086549875514,0
u00067,0,0.6142553943937709,0.5831245182350382,0.6595178408337333,0.5789020331945953,1
u00067,1,0.565784898710441,0.6116276950839358,0.1441307652818411,0.46532197128064695,0
u00067,2,0.532703787569144,0.4479392726558402,0.1543468996351291,0.38160400093950164,0
u00067,3,0.42827179122457437,0.255663166500042,0.25140687045327703,0.3389089252596911,0
u00067,4,0.908707309790026,0.4541741302480524,0.8821694565252026,0.7214277701001338,1
u00067,5,0.7138674714219226,0.6934393820810121,0.5077175509216957,0.5887372094872544,1
u00067,6,0.9602733077189192,0.6524412610162068,0.0,0.5387878171243438,1
u00067,7,0.5273646561313929,0.3865413200978537,0.37329715949492914,0.48331222250103895,0
u00067,8,0.7247271435637062,0.5220714699102391,0.5078235626071532,0.5086423709375832,1
u00067,9,0.8711369909134403,0.5819847700715942,0.6028516278011156,0.7424966530718903,1
u00068,0,0.6283883817680096,0.4848676426699746,0.7177993602700787,0.5831394728511797,1
u00068,1,0.5116494757715553,0.743605934732003,0.49680273621954496,0.5028966298099066,0
u00068,2,0.7352296176953265,0.4202529294592641,0.4433315843476887,0.5571368479240473,0
u00068,3,0.624981050215639,0.6962386987511692,0.5342100701237933,0.6326284362614131,1
u00068,4,0.7706523074798092,0.41114844094300945,0.9532632111484468,0.8342193508983057,1
u00068,5,0.6302094067866809,0.5295219418636996,0.13415939759487217,0.4429541141976401,0
u00068,6,0.722741233197114,0.49091135921706874,0.3863453014948897,0.5324795256984035,0
u00068,7,0.778207160486893,0.9634930781663099,0.6136778714056534,0.8152704787647754,1
u00068,8,0.7291431040421923,0.6348269846291567,0.27390532519624816,0.6412438284042187,1
u00068,9,0.5567528448897654,0.8675248034200036,0.5324537215133909,0.6319244105234202,1
u00069,0,0.23650132484002567,0.11946522849322044,0.2800749942420122,0.23468581987928144,0
u00069,1,0.39330711629555115,0.5959497907755302,0.19516371168417226,0.4711845141742942,0
u00069,2,0.2742863675170849,0.3852610811725276,0.22346153748413927,0.3219821867691824,0
u00069,3,0.4257019392497198,0.4288515260358381,0.4784447586966474,0.48443856161026316,0
u00069,4,0.4509058924841314,0.8054473529826501,0.11980071174718274,0.5286338321824698,0
u00069,5,0.5137622777434818,0.5665802271022452,0.5237432427247919,0.5719368881246248,0
u00069,6,0.3978790663889249,0.1354957860112318,0.8160570162864127,0.3227058560623406,0
u00069,7,0.3713386979885054,0.3189780615146727,0.37876316700385193,0.3963437028779232,0
u00069,8,0.1886022866320769,0.4827612133354698,0.2877397878764277,0.2910871331217181,0
u00069,9,0.5193677662788647,0.3597510169424973,0.43905038459460133,0.40032572165548314,0
u00070,0,0.5647371580527335,0.05377196344361662,0.39161802479034136,0.25461064710578757,0
u00070,1,0.6309753640556823,0.26915607438878264,0.3446172305153035,0.46010556659849694,0
u00070,2,0.4883024494334396,0.49802276320982924,0.5311954190506165,0.5050611516769975,0
u00070,3,0.6367919244512847,0.5601102969118718,1.0,0.7732894362285122,1
u00070,4,0.43513216684134864,0.6871046805885863,0.30972112581812616,0.4619804505681826,0
u00070,5,0.4823005292759554,0.07630729858000618,0.36455014084489673,0.39455986813681426,0
u00070,6,0.5679271418204498,0.524459789216055,0.491474254644272,0.47874219926087547,0
u00070,7,0.7033459604368033,0.46942080861763724,0.3687742500224266,0.424487840574082,0
u00070,8,0.5675292334051302,0.43224227458478687,0.6040358333424204,0.5018726894423003,0
u00070,9,0.33515969328391326,0.547242686397141,0.6172713797512779,0.5843603141854328,0
u00071,0,0.7627113765304742,0.39789173802990996,0.5325708337611269,0.6012143973932436,1
u00071,1,0.6059344092263366,0.5025832159938872,0.46755766143207866,0.5237908512842865,0
u00071,2,0.6152505773045793,0.4240799064167413,0.6444922059032773,0.4460940844827159,0
u00071,3,0.7856433282294304,0.46021927650488825,0.2824514701528016,0.6282133215359906,0
u00071,4,0.6216422135624925,0.7391709722070958,0.3633691634928254,0.5922934951753696,1
u00071,5,0.7664657012079892,0.5670596774133249,0.36163952063105653,0.6346769283886556,1
u00071,6,0.637706186377286,0.5022878996918032,0.4047952023126055,0.49217683725452704,0
u00071,7,1.0,0.4522193299826112,0.5386087310912275,0.6992489862871218,1
u00071,8,0.487056392729137,0.638351329346557,0.7147186685420829,0.589259275913977,1
u00071,9,0.743422234263519,0.5271485871556278,0.9556143666728851,0.7308589543307533,1
u00072,0,0.6727703347044548,0.6404451967709338,0.389468758298795,0.5545815721768639,1
u00072,1,0.6493415529917583,0.7529990741059023,0.3520621527277332,0.4651851834615445,0
u00072,2,0.7525418905536719,0.32899736931081225,0.47891060927530094,0.522749184428218,0
u00072,3,0.7620681062222361,0.5554113162463381,0.37532019439646225,0.6338437628670955,1
u00072,4,0.9418277991302033,0.653233010725802,0.41945109537535574,0.6269233122113538,1
u00072,5,0.7475272363530359,0.5397536048425019,0.5987765449764801,0.6406434422506175,1
u00072,6,0.9617257414326759,0.6148828757387088,0.4493759194891861,0.6384861525480429,1
u00072,7,0.7720221615787747,0.6673709561125339,0.2541860973040825,0.4671731836962169,1
u00072,8,0.6687957458337739,0.42225118582105203,0.7651438712303754,0.5456176297873001,1
u00072,9,0.7048107061945372,0.6826537884589161,0.7236202726960784,0.7647501837144319,1
u00073,0,0.9596966167192611,1.0,0.9899723885994571,0.9536498429631465,1
u00073,1,0.9583679183818492,0.7594816941613896,0.9362741683508068,0.8203048048305482,1
u00073,2,0.6895574134750129,0.8006824884240538,0.7990532429583197,0.674261052906467,1
u00073,3,0.8091748198235529,0.6574742458415268,0.957399342238341,0.828906082759053,1
u00073,4,0.9793539401099634,0.7671332077542756,0.5264815177347892,0.7160487233705493,1
u00073,5,0.7835215833096945,0.5690486416876881,1.0,0.7699304142791252,1
u00073,6,0.7203373089692051,0.9479483616496014,0.6491630209868684,0.7763524886042477,1
u00073,7,0.6413427822236477,1.0,1.0,0.8875841969565259,1
u00073,8,0.8650226627495031,0.6756614959985824,0.380930591766173,0.6162369913194903,1
u00073,9,1.0,0.3502646287985693,0.8841871180640452,0.7997511202866756,1
u00074,0,0.7315850949386874,0.6296092673217033,0.25330968215664507,0.4711557936081386,0
u00074,1,0.3808343857929603,0.5998178844646856,0.8604776680588037,0.6693619041718728,1
u00074,2,0.8591953548785526,0.7207530515617077,0.5477190549952399,0.6335997383530273,1
u00074,3,0.7112292445450518,0.4331150937173298,0.6743995165011103,0.5285034382890302,1
u00074,4,0.9740655227410843,0.5254586160211208,0.3241925486620328,0.5834713823978055,1
u00074,5,0.6083579848716405,0.9675868451798167,0.3667262027526715,0.6861267307260412,1
u00074,6,0.9688202813013751,0.2979808501864683,0.7649227977299492,0.7270515353343252,1
u00074,7,0.8840382675796234,0.7403319364568001,0.648171125364029,0.7578128074795625,1
u00074,8,0.940782086869304,0.8775829572482281,0.42923119575145285,0.705107993193714,1
u00074,9,0.8455990972998948,0.4335431538223147,0.6481728379769319,0.7238340660705654,1
u00075,0,0.3823272584030978,0.6285762662496069,0.1505725297842167,0.3752865961233558,0
u00075,1,0.24421698006155948,0.16493416794419422,0.7221156835365227,0.3767270771637184,0
u00075,2,0.4635109379955044,0.9251807665923547,0.2961717996582323,0.615503359315195,0
u00075,3,0.47639510945994873,0.11619558834305554,0.0,0.2971227239789131,0
u00075,4,0.5061554710006472,0.3958344418482436,0.2792149000337589,0.36169152796163584,0
u00075,5,0.2945798181919083,0.9018885663743713,0.07755018316530402,0.34663576154329345,0
u00075,6,0.4925890830583492,0.1672652605340074,0.0,0.23603285379873495,0
u00075,7,0.4137139771279335,0.2714152362378614,0.6745508387459642,0.4249987213722393,0
u00075,8,0.7141558304649561,0.5515083600844379,0.26988586882826965,0.6471675982348637,0
u00075,9,0.4409593144520094,0.08288277667807681,0.9198991787438866,0.5010854508283008,0
u00076,0,0.8573202531080266,0.7050256633686098,0.4772130166973537,0.7105139537335832,1
u00076,1,0.5612718410853783,0.4368281595223139,0.6168003151932382,0.6008617930909287,0
u00076,2,0.5026405425929695,0.6088325289582335,0.0,0.3556912567849287,0
u00076,3,0.756223984135654,0.3793618495589387,0.3045306957300472,0.45362759728216334,0
u00076,4,0.4147786694170177,0.05012596154618015,0.5622676502054892,0.32139046736049814,0
u00076,5,0.5628611371511565,0.8207134267412916,0.6544218201832306,0.7574498170109233,1
u00076,6,0.3960719154403568,0.531748567118234,0.29903900805577877,0.5030222803523241,0
u00076,7,0.6630706126443776,0.586438801917132,0.11539473924606142,0.47009386243727525,0
u00076,8,0.5250329179026213,0.9131101373703401,0.5219671774738677,0.7487423684114,1
u00076,9,0.703199968206651,0.49907073394350576,0.2481148522405,0.4727777647247763,0
u00077,0,0.9397718319941631,0.7225144910548088,0.6195708793824383,0.7662509663980486,1
u00077,1,0.7843668719987498,0.7966105570829539,0.6145174366502564,0.8201682443029525,1
u00077,2,0.7690893981883028,0.7097933249255485,0.48575290251323355,0.5661473485067012,1
u00077,3,0.974089201293943,0.3534909371879199,0.46801588888658324,0.6294292924264858,1
u00077,4,0.6775311535362548,0.6118267263416611,0.49436763078128293,0.5523769732834682,1
u00077,5,0.9633773449773484,1.0,0.7211166106027559,0.8385867202924735,1
u00077,6,0.8589212373909013,0.8138781698790508,0.4364588471412994,0.7424749644535517,1
u00077,7,0.8989846996365715,0.7662919797160723,0.43035038208893617,0.8206384135936035,1
u00077,8,0.7063496471015367,0.8429252643586583,0.8266021746796113,0.7790922264393803,1
u00077,9,0.821775309169492,0.40943517797562357,0.3310881668014434,0.5270283480444787,0
u00078,0,0.30094020285666745,0.3691577172144638,0.24356469916013515,0.31125958769062984,0
u00078,1,0.545384030903887,0.19664070012990034,0.23085775425871952,0.34412537924598563,0
u00078,2,0.4715795243763187,0.2242970160907479,0.6409798297957165,0.42269074542432694,0
u00078,3,0.566262116649781,0.2931675907683376,0.3822174472938006,0.47925433521720995,0
u00078,4,0.34612817650315575,0.5419595761167113,0.4389178354532929,0.3859574862275978,0
u00078,5,0.5501749099145535,0.1917842668611586,0.4289765944566576,0.34848777421016575,0
u00078,6,0.31863846360767933,0.2887292730085782,0.2737541742611139,0.3227139432619952,0
u00078,7,0.6759949434578931,0.2232211991012493,0.5581519346171607,0.50115650624597,0
u00078,8,0.5575649818886074,0.6702804354892731,0.0,0.40524229455429783,0
u00078,9,0.7120217998941671,0.027214683584517563,0.3953254023184907,0.3483709242361839,0
u00079,0,0.7806486604566762,0.09835548967010965,0.2882947125582669,0.3210221642003639,0
u00079,1,0.3778012318612983,0.27539111313801656,0.02807043540434434,0.20859805802030035,0
u00079,2,0.7282041305073605,0.7334896299795912,0.07897831036775144,0.5214870177873665,0
u00079,3,0.7168393514690754,0.6301942924697929,0.33576221554306684,0.5287934122366975,1
u00079,4,0.46020972640257396,0.5942086799129318,0.5689520157060675,0.5083661983836836,0
u00079,5,0.4712533513106475,0.04817824687283123,0.797193233824687,0.38887574202880054,0
u00079,6,0.5535903819560916,0.6020123744533639,0.3151009598640072,0.5776051453209138,0
u00079,7,0.48488923368128417,0.35787770128295193,0.4241718714889228,0.40922980917319013,0
u00079,8,0.6495973483091952,0.8474751223627934,0.5436488546093705,0.7505057977581382,1
u00079,9,0.496339168127091,0.5494059491244253,0.43386542291297303,0.4626292455955073,0
